[{"model": "admin.logentry", "pk": 1, "fields": {"action_time": "2024-06-16T21:56:35.791Z", "user": 1, "content_type": 7, "object_id": "1", "object_repr": "Shirts", "action_flag": 1, "change_message": "[{\"added\": {}}]"}}, {"model": "admin.logentry", "pk": 2, "fields": {"action_time": "2024-06-16T21:58:27.894Z", "user": 1, "content_type": 8, "object_id": "1", "object_repr": "Holiday style shirt", "action_flag": 1, "change_message": "[{\"added\": {}}]"}}, {"model": "admin.logentry", "pk": 3, "fields": {"action_time": "2024-06-16T22:04:03.083Z", "user": 1, "content_type": 8, "object_id": "1", "object_repr": "Holiday style shirt", "action_flag": 2, "change_message": "[{\"changed\": {\"fields\": [\"Image\"]}}]"}}, {"model": "admin.logentry", "pk": 4, "fields": {"action_time": "2024-06-16T22:04:37.599Z", "user": 1, "content_type": 7, "object_id": "1", "object_repr": "Shirts", "action_flag": 3, "change_message": ""}}, {"model": "admin.logentry", "pk": 5, "fields": {"action_time": "2024-06-16T22:04:42.060Z", "user": 1, "content_type": 8, "object_id": "1", "object_repr": "Holiday style shirt", "action_flag": 3, "change_message": ""}}, {"model": "admin.logentry", "pk": 6, "fields": {"action_time": "2024-06-19T21:01:50.604Z", "user": 1, "content_type": 7, "object_id": "2", "object_repr": "shoes", "action_flag": 1, "change_message": "[{\"added\": {}}]"}}, {"model": "admin.logentry", "pk": 7, "fields": {"action_time": "2024-06-19T21:02:15.159Z", "user": 1, "content_type": 7, "object_id": "3", "object_repr": "shirts", "action_flag": 1, "change_message": "[{\"added\": {}}]"}}, {"model": "admin.logentry", "pk": 8, "fields": {"action_time": "2024-06-19T21:08:46.304Z", "user": 1, "content_type": 8, "object_id": "2", "object_repr": "ROYCE - PӣBUTY WSUWANE", "action_flag": 1, "change_message": "[{\"added\": {}}]"}}, {"model": "admin.logentry", "pk": 9, "fields": {"action_time": "2024-06-19T21:11:28.828Z", "user": 1, "content_type": 8, "object_id": "3", "object_repr": "SLIP-ONS", "action_flag": 1, "change_message": "[{\"added\": {}}]"}}, {"model": "admin.logentry", "pk": 10, "fields": {"action_time": "2024-06-19T21:13:30.911Z", "user": 1, "content_type": 8, "object_id": "4", "object_repr": "Formal shirt", "action_flag": 1, "change_message": "[{\"added\": {}}]"}}, {"model": "admin.logentry", "pk": 11, "fields": {"action_time": "2024-06-19T21:18:04.180Z", "user": 1, "content_type": 8, "object_id": "2", "object_repr": "ROYCE - SLIP-ONS", "action_flag": 2, "change_message": "[{\"changed\": {\"fields\": [\"Title\"]}}]"}}, {"model": "admin.logentry", "pk": 12, "fields": {"action_time": "2024-06-19T21:20:20.677Z", "user": 1, "content_type": 8, "object_id": "5", "object_repr": "Formal shirt", "action_flag": 1, "change_message": "[{\"added\": {}}]"}}, {"model": "admin.logentry", "pk": 13, "fields": {"action_time": "2024-06-19T21:21:14.995Z", "user": 1, "content_type": 8, "object_id": "5", "object_repr": "Black Formal Shirt", "action_flag": 2, "change_message": "[{\"changed\": {\"fields\": [\"Title\"]}}]"}}, {"model": "admin.logentry", "pk": 14, "fields": {"action_time": "2024-06-19T21:21:25.169Z", "user": 1, "content_type": 8, "object_id": "4", "object_repr": "White Formal Shirt", "action_flag": 2, "change_message": "[{\"changed\": {\"fields\": [\"Title\"]}}]"}}, {"model": "admin.logentry", "pk": 15, "fields": {"action_time": "2024-06-19T22:14:15.577Z", "user": 1, "content_type": 8, "object_id": "5", "object_repr": "Black Formal Shirt", "action_flag": 2, "change_message": "[]"}}, {"model": "admin.logentry", "pk": 16, "fields": {"action_time": "2024-06-19T22:14:27.160Z", "user": 1, "content_type": 8, "object_id": "5", "object_repr": "Black Formal Shirt", "action_flag": 2, "change_message": "[]"}}, {"model": "admin.logentry", "pk": 17, "fields": {"action_time": "2024-06-19T23:09:16.475Z", "user": 1, "content_type": 8, "object_id": "4", "object_repr": "White Formal Shirt", "action_flag": 3, "change_message": ""}}, {"model": "admin.logentry", "pk": 18, "fields": {"action_time": "2024-06-19T23:28:17.490Z", "user": 1, "content_type": 8, "object_id": "3", "object_repr": "SLIP-ONS", "action_flag": 2, "change_message": "[]"}}, {"model": "admin.logentry", "pk": 19, "fields": {"action_time": "2024-06-19T23:48:00.310Z", "user": 1, "content_type": 8, "object_id": "6", "object_repr": "Shoes1", "action_flag": 1, "change_message": "[{\"added\": {}}]"}}, {"model": "admin.logentry", "pk": 20, "fields": {"action_time": "2024-06-19T23:49:04.165Z", "user": 1, "content_type": 8, "object_id": "7", "object_repr": "shoes1", "action_flag": 1, "change_message": "[{\"added\": {}}]"}}, {"model": "admin.logentry", "pk": 21, "fields": {"action_time": "2024-06-25T19:07:03.361Z", "user": 1, "content_type": 8, "object_id": "8", "object_repr": "Sand Bershka Shirt", "action_flag": 1, "change_message": "[{\"added\": {}}]"}}, {"model": "admin.logentry", "pk": 22, "fields": {"action_time": "2024-06-25T19:09:12.838Z", "user": 1, "content_type": 8, "object_id": "8", "object_repr": "Sand Bershka Shirt", "action_flag": 2, "change_message": "[{\"changed\": {\"fields\": [\"Image\"]}}]"}}, {"model": "admin.logentry", "pk": 23, "fields": {"action_time": "2024-06-25T19:12:49.384Z", "user": 1, "content_type": 8, "object_id": "8", "object_repr": "Sand Bershka Shirt", "action_flag": 2, "change_message": "[{\"changed\": {\"fields\": [\"Image\"]}}]"}}, {"model": "admin.logentry", "pk": 24, "fields": {"action_time": "2024-06-25T19:12:57.234Z", "user": 1, "content_type": 8, "object_id": "8", "object_repr": "Sand Bershka Shirt", "action_flag": 2, "change_message": "[]"}}, {"model": "admin.logentry", "pk": 25, "fields": {"action_time": "2024-06-25T19:13:08.925Z", "user": 1, "content_type": 8, "object_id": "9", "object_repr": "abc", "action_flag": 1, "change_message": "[{\"added\": {}}]"}}, {"model": "admin.logentry", "pk": 26, "fields": {"action_time": "2024-06-25T19:13:24.415Z", "user": 1, "content_type": 8, "object_id": "9", "object_repr": "abc", "action_flag": 3, "change_message": ""}}, {"model": "admin.logentry", "pk": 27, "fields": {"action_time": "2024-06-25T19:14:13.408Z", "user": 1, "content_type": 8, "object_id": "10", "object_repr": "ab", "action_flag": 1, "change_message": "[{\"added\": {}}]"}}, {"model": "admin.logentry", "pk": 28, "fields": {"action_time": "2024-06-26T19:05:06.977Z", "user": 1, "content_type": 4, "object_id": "2", "object_repr": "user1", "action_flag": 3, "change_message": ""}}, {"model": "admin.logentry", "pk": 29, "fields": {"action_time": "2024-06-26T19:44:37.520Z", "user": 1, "content_type": 4, "object_id": "3", "object_repr": "user1", "action_flag": 3, "change_message": ""}}, {"model": "admin.logentry", "pk": 30, "fields": {"action_time": "2024-06-26T20:24:43.684Z", "user": 1, "content_type": 4, "object_id": "4", "object_repr": "user1", "action_flag": 3, "change_message": ""}}, {"model": "admin.logentry", "pk": 31, "fields": {"action_time": "2024-06-26T20:26:21.802Z", "user": 1, "content_type": 4, "object_id": "5", "object_repr": "user1", "action_flag": 3, "change_message": ""}}, {"model": "admin.logentry", "pk": 32, "fields": {"action_time": "2024-06-26T20:27:45.707Z", "user": 1, "content_type": 4, "object_id": "6", "object_repr": "user1", "action_flag": 3, "change_message": ""}}, {"model": "admin.logentry", "pk": 33, "fields": {"action_time": "2024-06-26T20:32:39.849Z", "user": 1, "content_type": 4, "object_id": "7", "object_repr": "user1", "action_flag": 3, "change_message": ""}}, {"model": "admin.logentry", "pk": 34, "fields": {"action_time": "2024-06-26T22:03:21.222Z", "user": 1, "content_type": 4, "object_id": "8", "object_repr": "user1", "action_flag": 3, "change_message": ""}}, {"model": "admin.logentry", "pk": 35, "fields": {"action_time": "2024-06-29T16:49:10.287Z", "user": 1, "content_type": 9, "object_id": "1", "object_repr": "Shipping Address - 1", "action_flag": 1, "change_message": "[{\"added\": {}}]"}}, {"model": "admin.logentry", "pk": 36, "fields": {"action_time": "2024-06-29T16:49:45.629Z", "user": 1, "content_type": 9, "object_id": "1", "object_repr": "Shipping Address - 1", "action_flag": 3, "change_message": ""}}, {"model": "admin.logentry", "pk": 37, "fields": {"action_time": "2024-07-01T14:21:48.642Z", "user": 1, "content_type": 10, "object_id": "6", "object_repr": "Order - 6", "action_flag": 2, "change_message": "[{\"changed\": {\"fields\": [\"Shipping address\"]}}]"}}, {"model": "admin.logentry", "pk": 38, "fields": {"action_time": "2024-07-03T12:22:33.591Z", "user": 1, "content_type": 8, "object_id": "2", "object_repr": "ROYCE - SLIP-ONS dsadasdasdasdsadsad das dassad asdasdasdas dasdas", "action_flag": 2, "change_message": "[{\"changed\": {\"fields\": [\"Title\"]}}]"}}, {"model": "admin.logentry", "pk": 39, "fields": {"action_time": "2024-07-03T12:22:52.842Z", "user": 1, "content_type": 8, "object_id": "2", "object_repr": "ROYCE - SLIP-ONS dsadasdasdasdsadsad das dassad asdasdasdas dasdas dsadas dasdasdasdas dasdasdas dasdas dasdasdsadas dsad sadasdasd as", "action_flag": 2, "change_message": "[{\"changed\": {\"fields\": [\"Title\"]}}]"}}, {"model": "admin.logentry", "pk": 40, "fields": {"action_time": "2024-07-03T12:23:23.158Z", "user": 1, "content_type": 8, "object_id": "2", "object_repr": "ROYCE - SLIP-ONS", "action_flag": 2, "change_message": "[{\"changed\": {\"fields\": [\"Title\"]}}]"}}, {"model": "admin.logentry", "pk": 41, "fields": {"action_time": "2024-07-03T12:38:33.277Z", "user": 1, "content_type": 8, "object_id": "2", "object_repr": "ROYCE - SLIP-ONS Upper material: Leather Lining: Leather Insole: Leather Sole: Synthetics/leather Padding type: Cold padding", "action_flag": 2, "change_message": "[{\"changed\": {\"fields\": [\"Title\"]}}]"}}, {"model": "admin.logentry", "pk": 42, "fields": {"action_time": "2024-07-03T12:38:57.521Z", "user": 1, "content_type": 8, "object_id": "2", "object_repr": "ROYCE - SLIP-ONS", "action_flag": 2, "change_message": "[{\"changed\": {\"fields\": [\"Title\"]}}]"}}, {"model": "admin.logentry", "pk": 43, "fields": {"action_time": "2024-07-03T13:56:18.279Z", "user": 1, "content_type": 8, "object_id": "2", "object_repr": "ROYCE - SLIP-ONS", "action_flag": 2, "change_message": "[{\"added\": {\"name\": \"product photo\", \"object\": \"ProductPhoto object (1)\"}}, {\"added\": {\"name\": \"product photo\", \"object\": \"ProductPhoto object (2)\"}}]"}}, {"model": "admin.logentry", "pk": 44, "fields": {"action_time": "2024-07-03T15:27:47.241Z", "user": 1, "content_type": 8, "object_id": "2", "object_repr": "ROYCE - SLIP-ONS", "action_flag": 2, "change_message": "[{\"changed\": {\"name\": \"product photo\", \"object\": \"ProductPhoto object (1)\", \"fields\": [\"Is main\"]}}, {\"changed\": {\"name\": \"product photo\", \"object\": \"ProductPhoto object (2)\", \"fields\": [\"Is main\"]}}]"}}, {"model": "admin.logentry", "pk": 45, "fields": {"action_time": "2024-07-03T15:30:46.241Z", "user": 1, "content_type": 8, "object_id": "2", "object_repr": "ROYCE - SLIP-ONS", "action_flag": 2, "change_message": "[{\"changed\": {\"name\": \"product photo\", \"object\": \"ProductPhoto object (1)\", \"fields\": [\"Is main\"]}}, {\"changed\": {\"name\": \"product photo\", \"object\": \"ProductPhoto object (2)\", \"fields\": [\"Is main\"]}}]"}}, {"model": "admin.logentry", "pk": 46, "fields": {"action_time": "2024-07-03T16:03:40.832Z", "user": 1, "content_type": 8, "object_id": "2", "object_repr": "ROYCE - SLIP-ONS", "action_flag": 2, "change_message": "[{\"changed\": {\"fields\": [\"Default image\"]}}, {\"changed\": {\"name\": \"product photo\", \"object\": \"ProductPhoto object (1)\", \"fields\": [\"Is main\"]}}]"}}, {"model": "admin.logentry", "pk": 47, "fields": {"action_time": "2024-07-03T16:07:40.665Z", "user": 1, "content_type": 8, "object_id": "2", "object_repr": "ROYCE - SLIP-ONS", "action_flag": 2, "change_message": "[{\"deleted\": {\"name\": \"product photo\", \"object\": \"ProductPhoto object (None)\"}}]"}}, {"model": "admin.logentry", "pk": 48, "fields": {"action_time": "2024-07-09T21:26:28.658Z", "user": 1, "content_type": 8, "object_id": "3", "object_repr": "SLIP-ONS", "action_flag": 2, "change_message": "[{\"changed\": {\"fields\": [\"Default image\"]}}]"}}, {"model": "admin.logentry", "pk": 49, "fields": {"action_time": "2024-07-09T21:31:57.731Z", "user": 1, "content_type": 8, "object_id": "2", "object_repr": "ROYCE - SLIP-ONS", "action_flag": 2, "change_message": "[{\"deleted\": {\"name\": \"product photo\", \"object\": \"ProductPhoto object (None)\"}}]"}}, {"model": "admin.logentry", "pk": 50, "fields": {"action_time": "2024-07-09T21:34:47.941Z", "user": 1, "content_type": 8, "object_id": "2", "object_repr": "ROYCE - SLIP-ONS", "action_flag": 2, "change_message": "[{\"added\": {\"name\": \"product photo\", \"object\": \"ProductPhoto object (3)\"}}, {\"added\": {\"name\": \"product photo\", \"object\": \"ProductPhoto object (4)\"}}]"}}, {"model": "admin.logentry", "pk": 51, "fields": {"action_time": "2024-07-09T21:43:17.078Z", "user": 1, "content_type": 8, "object_id": "7", "object_repr": "shoes1", "action_flag": 3, "change_message": ""}}, {"model": "admin.logentry", "pk": 52, "fields": {"action_time": "2024-07-09T21:43:17.085Z", "user": 1, "content_type": 8, "object_id": "6", "object_repr": "Shoes1", "action_flag": 3, "change_message": ""}}, {"model": "admin.logentry", "pk": 53, "fields": {"action_time": "2024-07-09T21:43:25.382Z", "user": 1, "content_type": 8, "object_id": "10", "object_repr": "ab", "action_flag": 3, "change_message": ""}}, {"model": "auth.user", "pk": 1, "fields": {"password": "pbkdf2_sha256$720000$ezQtB4agTbZjnXCJgnXBfH$tqEGOWf+5eDIgzg4gkqT4cI80SvJ05QP/t4cVqZCJdQ=", "last_login": "2024-07-09T21:20:56.233Z", "is_superuser": true, "username": "krystian", "first_name": "", "last_name": "", "email": "kr@mail.com", "is_staff": true, "is_active": true, "date_joined": "2024-06-16T21:52:49.476Z", "groups": [], "user_permissions": []}}, {"model": "auth.user", "pk": 9, "fields": {"password": "pbkdf2_sha256$720000$IhjWqAmRjhsgHSv7iz3RWE$lZNsCF8lCN4B/QqRM3Xr1AHnMWJ6DoramxTNSPckXrs=", "last_login": "2024-07-05T13:00:12.183Z", "is_superuser": false, "username": "user1", "first_name": "", "last_name": "", "email": "krystianzd275@gmail.com", "is_staff": false, "is_active": true, "date_joined": "2024-06-26T22:04:28.483Z", "groups": [], "user_permissions": []}}, {"model": "auth.user", "pk": 10, "fields": {"password": "pbkdf2_sha256$720000$a03bcty79YC428qqTwzLJj$y+YLrbQqnkXi0uGglIMzGFZ/QygunAbGa/P/rWmYU/w=", "last_login": "2024-07-05T13:12:18.755Z", "is_superuser": false, "username": "user2", "first_name": "", "last_name": "", "email": "krystianzd27@gmail.com", "is_staff": false, "is_active": true, "date_joined": "2024-06-27T13:44:41.060Z", "groups": [], "user_permissions": []}}, {"model": "auth.user", "pk": 11, "fields": {"password": "pbkdf2_sha256$720000$8Uvhdvs2Ny6ijsImjDMqUS$rLidOQDqzQuINA6XJFM5LYUxg5MQ+8WZUKY7Qph4bFo=", "last_login": null, "is_superuser": false, "username": "user3", "first_name": "", "last_name": "", "email": "user3@mail.com", "is_staff": false, "is_active": false, "date_joined": "2024-07-03T18:20:47.366Z", "groups": [], "user_permissions": []}}, {"model": "auth.user", "pk": 12, "fields": {"password": "pbkdf2_sha256$720000$GzZqaKgNqx5CANMckR1XIE$jyqQ9tYWBJcXfAK1caJfqyKUTmVBC/ZgDgdRlJbv4Uk=", "last_login": null, "is_superuser": false, "username": "user4", "first_name": "", "last_name": "", "email": "user4@mail.com", "is_staff": false, "is_active": false, "date_joined": "2024-07-03T18:20:58.791Z", "groups": [], "user_permissions": []}}, {"model": "auth.user", "pk": 13, "fields": {"password": "pbkdf2_sha256$720000$mtXe63CUdQg5gjIysBwaUM$TX3o5xd9IFaicE2MEUA8hlnN4wD7EvoQ3ONuO6TTIUs=", "last_login": null, "is_superuser": false, "username": "user5", "first_name": "", "last_name": "", "email": "user5@mail.com", "is_staff": false, "is_active": false, "date_joined": "2024-07-03T18:21:11.841Z", "groups": [], "user_permissions": []}}, {"model": "auth.user", "pk": 14, "fields": {"password": "pbkdf2_sha256$720000$2PVlNufQzajCrehFSRLe6g$UFWHm2emwSuk5sTHfBKvjuvm72IacOsntZIffqa5W/A=", "last_login": null, "is_superuser": false, "username": "user8", "first_name": "", "last_name": "", "email": "user8@mail.com", "is_staff": false, "is_active": false, "date_joined": "2024-07-04T20:54:22.761Z", "groups": [], "user_permissions": []}}, {"model": "sessions.session", "pk": "0c6mnbi7k5auvfw7s3uvtvwa19yv48fq", "fields": {"session_data": ".eJyrVipOLS7OzM-Lz06tVLKqVjIHEQVFmcmpSlZKJiZ6BgZKOkqFJUA5o1odJTNkWQsLPUtLZFlTZFlzSzRZY2RZU1TZ2loAtRUmrA:1sMBHH:2yDNz87fxjLXyvmpmypzkd9q0HLR2YIiXsp3wqCSJoA", "expire_date": "2024-07-09T18:52:27.902Z"}}, {"model": "sessions.session", "pk": "4ti68h6xpdr97hdb0jtdxcjox8685bcu", "fields": {"session_data": ".eJxVjEEOwiAQRe_C2hBgSqEu3XsGMsOAVA0kpV0Z765NutDtf-_9lwi4rSVsPS1hZnEWWpx-N8L4SHUHfMd6azK2ui4zyV2RB-3y2jg9L4f7d1Cwl2_tmbOFIWuPk7aYHRo1ZDBOo1YOFQADscnM5KNT7GyiEcgbxTBRGsX7A-elOCA:1sIxot:4eNewhVDyGgl7TEmPylUkyyKXNC97hs7J7VbeGUg9Lc", "expire_date": "2024-06-30T21:53:51.749Z"}}, {"model": "sessions.session", "pk": "6ng5gzkyomgrh4c18wj85ws81dlmpad4", "fields": {"session_data": ".eJxVjEEOgyAQRe_CuiHAqKDL7j0DmXGgWhtIRBeN8e6tiRu3_733d1FCKVNOfg5f0e3HQ3jc1tFvJSx-YtEJLW4b4TCHdAJ-Y3plOeS0LhPJU5EXLbLPHD7Py70djFjGf-2YYw1V1A5bXWO0aFQVwViNWllUAAzEJjKTG6xiWwdqgJxRDC2FRhw_WeQ-bg:1sM5GP:Lq3MnyxIrmUQhEcJvInoDCwXN6Uhc5BgXb6m8yl_G2Y", "expire_date": "2024-07-09T12:27:09.169Z"}}, {"model": "sessions.session", "pk": "70f6qnmoa97mf2317lskry63py3s1kkp", "fields": {"session_data": "eyJzZXNzaW9uX2tleSI6e319:1sM4vx:iStnpVsIv-o81iaOKoF0nukZKzUrdcO9Mgs0Ju3OR8E", "expire_date": "2024-07-09T12:06:01.550Z"}}, {"model": "sessions.session", "pk": "8c26yz8r6rjen1wez2ma7p3j6ca5r2sw", "fields": {"session_data": "eyJzZXNzaW9uX2tleSI6e319:1sMXbC:xWSYhCZaZ-0iss6FqWJjT2qALzliXTedLWHmDIx4Q7U", "expire_date": "2024-07-10T18:42:30.546Z"}}, {"model": "sessions.session", "pk": "fy4ym5sgxyab46vvunmtpvkll12ndm5b", "fields": {"session_data": "eyJzZXNzaW9uX2tleSI6eyI3Ijp7InByaWNlIjoiNDQuMDAiLCJxdHkiOjF9fX0:1sM7nz:h1QlJKDlb6cS73RRKfKZS_7MJv90NO9z6z4aDv6ty1w", "expire_date": "2024-07-09T15:09:59.118Z"}}, {"model": "sessions.session", "pk": "i6g7f9o8kn0vi16lqyjyggj06gwbwe4r", "fields": {"session_data": ".eJxVjkEKwyAURO_iukg16rdZdt8ziH612hSFmCxKyN0bIYt2NTDzZpiNGLsuyawtzCZ7MhJGLr-esziF0gP_suVZKdayzNnRjtAzbfRRfXjfT_ZvINmWjrZDhUyjVjJquPpB3qIQAKiiHkBzzu0hepBc2SiCh8gdCMkEkwiOy_6qhdZyLWYKHzJu-_4FoLs9HA:1sRKPb:_40y8WtwYhA6Z9bLYYf965jDW68c-nrKeKyhimH2-a0", "expire_date": "2024-07-23T23:38:19.371Z"}}, {"model": "sessions.session", "pk": "ksl3uhrz1qrvffvr6d8dr03d0csrh1k3", "fields": {"session_data": ".eJxVjEEOgyAQRe_CuiGAdgouu_cMZGCGam0gEV00xru3Jm7c_vfe30TlWseS_cRf0W37TXhcl8GvlWc_kuiEVuIyBowT54PQG_OryFjyMo9BHoo8aZV9If48T_dyMGAd_rXTwYJG56LBkJK6a-Wa9IhRASRGcAQNGQVkoNUGgrXAKTStamMga0nsP3rQPlg:1sPiox:k0SWky4kYDXA0ITMSD9robsafzar3XS5nxChk4MsHo4", "expire_date": "2024-07-19T13:17:51.944Z"}}, {"model": "sessions.session", "pk": "ls7a610z6cfm4djyln2i0t3ooerjn4sz", "fields": {"session_data": "eyJzZXNzaW9uX2tleSI6e319:1sYqL4:z_r17-mPhgm-yj03iOQgct-RKEGPyVRbD4nNRTBCNJE", "expire_date": "2024-08-13T17:08:42.884Z"}}, {"model": "sessions.session", "pk": "nbrs2n5icl897m8q28053c5ohi2kkxzb", "fields": {"session_data": "eyJzZXNzaW9uX2tleSI6eyJmYXYiOjEyMjMyfX0:1sLoXJ:pldYdIZpsVASHWAL_3RxeNByI6D0xpr7-nOhteLoj6U", "expire_date": "2024-07-08T18:35:29.221Z"}}, {"model": "sessions.session", "pk": "ni75bahzjweebctbicrn8ak94uyfmrd1", "fields": {"session_data": ".eJyrVipOLS7OzM-Lz06tVLKqVjICEQVFmcmpSlZKlpZ6lpZKOkqFJUA5w1odJWNkWVN0WXNkWRMTPQMDhGxtLQC08h6x:1sM7wa:LRIgE-wjtjhh_kRDzGazYr-l4BxIZFxxZVR9Jo-efKE", "expire_date": "2024-07-09T15:18:52.179Z"}}, {"model": "sessions.session", "pk": "nlffk6a75lj2u7s6v0g2mggeipwygd3x", "fields": {"session_data": ".eJyrVipOLS7OzM-Lz06tVLKqVjICEQVFmcmpSlZKlpZ6lpZKOkqFJUA5w1odJVNkWXNU2dpaAJ9dFtg:1sM53Y:fllfX2EFEiOuhNdTBhkdzxmVMfhBoY7LAH_kC0FCcrI", "expire_date": "2024-07-09T12:13:52.457Z"}}, {"model": "sessions.session", "pk": "odyadhmbgkiinvjxhamalrptlpu8iqmx", "fields": {"session_data": ".eJxVjEEOgyAQRe_CuiHAqKDL7j0DmXGgWhtIRBeN8e6tiRu3_733d1FCKVNOfg5f0e3HQ3jc1tFvJSx-YtEJLW4b4TCHdAJ-Y3plOeS0LhPJU5EXLbLPHD7Py70djFjGf-2YYw1V1A5bXWO0aFQVwViNWllUAAzEJjKTG6xiWwdqgJxRDC2FRhw_WeQ-bg:1sMBSd:dlUsF3JMLgvaD3Mj4EW_9Nn7H70hx-QGK0MEImWTlj8", "expire_date": "2024-07-09T19:04:11.640Z"}}, {"model": "sessions.session", "pk": "q0spnim0felqcjtmvaymh84igno7rihe", "fields": {"session_data": ".eJyrVipOLS7OzM-Lz06tVLKqVjIGEQVFmcmpSlZKppZ6lpZKOkqFJUA5k1odpeCM_NRiQ2QlFhZISgyBSooxlJiY6BkYwJQYAZWY4TGgthYAt5sqxg:1sMBDH:ycpavMk9qxheznyIXkbK5B8duuJm0H5AlnZjfaZ4iYs", "expire_date": "2024-07-09T18:48:19.799Z"}}, {"model": "sessions.session", "pk": "s0ba6c79hbfgpb1bg35frr8rd37je0dj", "fields": {"session_data": ".eJxVjDsOgzAQBe_iOrL8AWwo0-cM1i67DoTIljAUEeLuAYkiad_Mm00EWJchrIXnMJLohBa33w2hnzidgF6Qnln2OS3ziPJU5EWLfGTi9_1y_wIDlOF4e6JY2ypqD62uITowqorWOA1aOVDWkkUykQh97xS5mrGx6I0i2yI3R7RwKWNOYeKP6LZ9_wLWjD5u:1sLoNS:N2GqDZNDwHEHUuBTIQ7H9Vh7gadrtIJDbisWVgRm0fc", "expire_date": "2024-07-08T18:25:18.632Z"}}, {"model": "sessions.session", "pk": "u09sgcpwy6lcphs8ajruhqazj7mk3e99", "fields": {"session_data": "eyJzZXNzaW9uX2tleSI6e319:1sLoQY:HulO7APFThR1Vid4i-q1eQWFP3EFSBoU6JyQl-sTaZc", "expire_date": "2024-07-08T18:28:30.067Z"}}, {"model": "sessions.session", "pk": "u731hdd0mtq0859vuczt7ag6uezccuej", "fields": {"session_data": "eyJzZXNzaW9uX2tleSI6e319:1sM4nx:KDc3C1mjD43ffo3RcZrOJDDSKvHJ7F-c1l9J-h36PsM", "expire_date": "2024-07-09T11:57:45.198Z"}}, {"model": "sessions.session", "pk": "wkoces832dw0ib9crympyx4deypeo41a", "fields": {"session_data": "eyJzZXNzaW9uX2tleSI6eyIyIjp7InByaWNlIjoiOTkuOTkiLCJxdHkiOjF9fX0:1sM50a:gzcFaRUqgFR2J2ygATdZzv71B6x-pRCHo_nZ-oRYOrk", "expire_date": "2024-07-09T12:10:48.614Z"}}, {"model": "sessions.session", "pk": "xx6gpsl7erbjl0ftw3rinuz3u2s0oeh8", "fields": {"session_data": "eyJzZXNzaW9uX2tleSI6e319:1sLoZw:5SzzzfdvmjJfdfxnJeyomcs2JDyMDayXJ0hv7D3xXZU", "expire_date": "2024-07-08T18:38:12.288Z"}}, {"model": "store.category", "pk": 2, "fields": {"name": "shoes", "slug": "shoes"}}, {"model": "store.category", "pk": 3, "fields": {"name": "shirts", "slug": "shirts"}}, {"model": "store.category", "pk": 4, "fields": {"name": "dresses", "slug": "dresses"}}, {"model": "store.category", "pk": 5, "fields": {"name": "pants", "slug": "pants"}}, {"model": "store.category", "pk": 6, "fields": {"name": "accessories", "slug": "accessories"}}, {"model": "store.product", "pk": 2, "fields": {"category": 2, "title": "ROYCE - SLIP-ONS", "brand": "STUART WEITZMAN", "description": "Upper material: Leather\r\nLining: Leather\r\nInsole: Leather\r\nSole: Synthetics/leather\r\nPadding type: Cold padding", "slug": "royce-slip-ons", "price": "99.99", "default_image": "images/stuart1_iuIMZWv.jpg"}}, {"model": "store.product", "pk": 3, "fields": {"category": 2, "title": "SLIP-ONS", "brand": "MOSCHINO", "description": "Upper material: Calfskin\r\nLining: Leather\r\nInsole: Leather\r\nSole: Synthetics\r\nPadding type: Cold padding", "slug": "slip-ons", "price": "59.99", "default_image": "images/moshcino1_yudLiO0.jpg"}}, {"model": "store.product", "pk": 5, "fields": {"category": 3, "title": "Black Formal Shirt", "brand": "VISTULA", "description": "Outer fabric material: 100% cotton", "slug": "formal-shirt", "price": "79.99", "default_image": "images/default.jpg"}}, {"model": "store.product", "pk": 8, "fields": {"category": 3, "title": "Sand Bershka Shirt", "brand": "Bershka", "description": "Outer fabric material: 100% cotton\r\nFabric: Flannel\r\nCollar: Lapel collar\r\nFastening: Button\r\nPattern: Plain", "slug": "sand-bershka-shirt", "price": "69.99", "default_image": "images/default.jpg"}}, {"model": "store.product", "pk": 11, "fields": {"category": 4, "title": "Elegant Evening Dress", "brand": "Fashionable Brand", "description": "Beautiful and elegant dress for any occasion.", "slug": "elegant-evening-dress", "price": "99.99", "default_image": "images/default.jpg"}}, {"model": "store.product", "pk": 12, "fields": {"category": 4, "title": "Casual Dress", "brand": "Casual Wear Co.", "description": "Comfortable and stylish casual dress.", "slug": "casual-dress", "price": "79.99", "default_image": "images/default.jpg"}}, {"model": "store.product", "pk": 13, "fields": {"category": 4, "title": "Summer Floral Dress", "brand": "Seasonal Styles", "description": "Lightweight floral dress perfect for summer days.", "slug": "summer-floral-dress", "price": "69.99", "default_image": "images/default.jpg"}}, {"model": "store.product", "pk": 14, "fields": {"category": 4, "title": "Little Black Dress", "brand": "Chic Boutique", "description": "Classic little black dress for every wardrobe.", "slug": "little-black-dress", "price": "119.99", "default_image": "images/default.jpg"}}, {"model": "store.product", "pk": 15, "fields": {"category": 4, "title": "Formal Evening Gown", "brand": "Elegant Occasions", "description": "Stunning formal gown for special evening events.", "slug": "formal-evening-gown", "price": "199.99", "default_image": "images/default.jpg"}}, {"model": "store.product", "pk": 16, "fields": {"category": 4, "title": "Bohemian Maxi Dress", "brand": "Boho Chic", "description": "Flowy and vibrant maxi dress with bohemian prints.", "slug": "bohemian-maxi-dress", "price": "89.99", "default_image": "images/default.jpg"}}, {"model": "store.product", "pk": 17, "fields": {"category": 4, "title": "Vintage Lace Dress", "brand": "Retro Revival", "description": "Elegant vintage lace dress with intricate details.", "slug": "vintage-lace-dress", "price": "129.99", "default_image": "images/default.jpg"}}, {"model": "store.product", "pk": 18, "fields": {"category": 4, "title": "Off-Shoulder Midi Dress", "brand": "Modern Trends", "description": "Trendy off-shoulder midi dress for a stylish look.", "slug": "off-shoulder-midi-dress", "price": "79.99", "default_image": "images/default.jpg"}}, {"model": "store.product", "pk": 19, "fields": {"category": 4, "title": "Wrap Dress", "brand": "Wrap It Up", "description": "Versatile and flattering wrap dress for any figure.", "slug": "wrap-dress", "price": "99.99", "default_image": "images/default.jpg"}}, {"model": "store.product", "pk": 20, "fields": {"category": 4, "title": "Silk Evening Dress", "brand": "Luxury Silk Co.", "description": "Luxurious silk evening dress for formal occasions.", "slug": "silk-evening-dress", "price": "249.99", "default_image": "images/default.jpg"}}, {"model": "store.product", "pk": 21, "fields": {"category": 4, "title": "Beach Cover-Up", "brand": "Sunny Days", "description": "Lightweight beach cover-up dress for sunny days.", "slug": "beach-cover-up", "price": "49.99", "default_image": "images/default.jpg"}}, {"model": "store.product", "pk": 22, "fields": {"category": 4, "title": "Boat Neck Dress", "brand": "Nautical Vibes", "description": "Classic boat neck dress with a nautical touch.", "slug": "boat-neck-dress", "price": "89.99", "default_image": "images/default.jpg"}}, {"model": "store.product", "pk": 23, "fields": {"category": 4, "title": "Flared Hem Dress", "brand": "Flare Fashion", "description": "Chic dress with a flared hemline for a playful look.", "slug": "flared-hem-dress", "price": "59.99", "default_image": "images/default.jpg"}}, {"model": "store.product", "pk": 24, "fields": {"category": 4, "title": "Embroidered Tulle Dress", "brand": "Enchanted Dreams", "description": "Ethereal embroidered tulle dress for magical moments.", "slug": "embroidered-tulle-dress", "price": "179.99", "default_image": "images/default.jpg"}}, {"model": "store.product", "pk": 25, "fields": {"category": 4, "title": "Satin Slip Dress", "brand": "Silky Comfort", "description": "Smooth satin slip dress for a touch of luxury.", "slug": "satin-slip-dress", "price": "109.99", "default_image": "images/default.jpg"}}, {"model": "store.product", "pk": 26, "fields": {"category": 5, "title": "Comfort Fit Denim Jeans", "brand": "JeansRUs", "description": "Classic comfort fit denim jeans, perfect for everyday wear.", "slug": "comfort-fit-denim-jeans", "price": "59.99", "default_image": "images/default.jpg"}}, {"model": "store.product", "pk": 27, "fields": {"category": 5, "title": "Slim Fit Chinos", "brand": "FashionForward", "description": "Modern slim fit chinos with stretch fabric for extra comfort.", "slug": "slim-fit-chinos", "price": "49.99", "default_image": "images/default.jpg"}}, {"model": "store.product", "pk": 28, "fields": {"category": 5, "title": "Cargo Pants", "brand": "OutdoorGear", "description": "Durable cargo pants with multiple pockets, ideal for outdoor activities.", "slug": "cargo-pants", "price": "69.99", "default_image": "images/default.jpg"}}, {"model": "store.product", "pk": 29, "fields": {"category": 5, "title": "High Waist Wide Leg Pants", "brand": "TrendyLooks", "description": "Fashionable high waist wide leg pants for a chic look.", "slug": "high-waist-wide-leg-pants", "price": "54.99", "default_image": "images/default.jpg"}}, {"model": "store.product", "pk": 30, "fields": {"category": 5, "title": "Tailored Dress Pants", "brand": "ElegantStyles", "description": "Tailored dress pants for a sophisticated and polished appearance.", "slug": "tailored-dress-pants", "price": "79.99", "default_image": "images/default.jpg"}}, {"model": "store.product", "pk": 31, "fields": {"category": 5, "title": "Cargo Joggers", "brand": "AthleisureLife", "description": "Comfortable cargo joggers combining style with functionality.", "slug": "cargo-joggers", "price": "64.99", "default_image": "images/default.jpg"}}, {"model": "store.product", "pk": 32, "fields": {"category": 5, "title": "Skinny Fit Jeans", "brand": "UrbanDenim", "description": "Trendy skinny fit jeans for a modern and sleek silhouette.", "slug": "skinny-fit-jeans", "price": "69.99", "default_image": "images/default.jpg"}}, {"model": "store.product", "pk": 33, "fields": {"category": 5, "title": "Cropped Pants", "brand": "ChicStitch", "description": "Stylish cropped pants with a flattering fit for any occasion.", "slug": "cropped-pants", "price": "49.99", "default_image": "images/default.jpg"}}, {"model": "store.product", "pk": 34, "fields": {"category": 5, "title": "Drawstring Linen Pants", "brand": "CasualComforts", "description": "Breathable drawstring linen pants for cool and relaxed style.", "slug": "drawstring-linen-pants", "price": "59.99", "default_image": "images/default.jpg"}}, {"model": "store.product", "pk": 35, "fields": {"category": 5, "title": "Cargo Shorts", "brand": "OutdoorAdventures", "description": "Functional cargo shorts designed for outdoor adventures.", "slug": "cargo-shorts", "price": "39.99", "default_image": "images/default.jpg"}}, {"model": "store.product", "pk": 36, "fields": {"category": 5, "title": "Wide Leg Palazzo Pants", "brand": "BohoChic", "description": "Bohemian style wide leg palazzo pants for a free-spirited look.", "slug": "wide-leg-palazzo-pants", "price": "59.99", "default_image": "images/default.jpg"}}, {"model": "store.product", "pk": 37, "fields": {"category": 5, "title": "Cotton Khakis", "brand": "ClassicWear", "description": "Classic cotton khakis suitable for both casual and business settings.", "slug": "cotton-khakis", "price": "54.99", "default_image": "images/default.jpg"}}, {"model": "store.product", "pk": 38, "fields": {"category": 5, "title": "Pleated Trousers", "brand": "SmartFormal", "description": "Elegant pleated trousers with a polished appearance.", "slug": "pleated-trousers", "price": "74.99", "default_image": "images/default.jpg"}}, {"model": "store.product", "pk": 39, "fields": {"category": 5, "title": "Cargo Overalls", "brand": "WorkWearEssentials", "description": "Sturdy cargo overalls with ample storage and durability.", "slug": "cargo-overalls", "price": "79.99", "default_image": "images/default.jpg"}}, {"model": "store.product", "pk": 40, "fields": {"category": 5, "title": "Linen Joggers", "brand": "RelaxedVibes", "description": "Relaxed linen joggers perfect for leisurely activities.", "slug": "linen-joggers", "price": "49.99", "default_image": "images/default.jpg"}}, {"model": "store.product", "pk": 41, "fields": {"category": 5, "title": "Comfort Fit Jeans", "brand": "DenimStyle", "description": "Classic denim jeans with a comfortable fit", "slug": "comfort-fit-jeans", "price": "79.99", "default_image": "images/default.jpg"}}, {"model": "store.product", "pk": 42, "fields": {"category": 5, "title": "Slim Fit Chinos", "brand": "FashionChinos", "description": "Stylish slim fit chinos for a modern look", "slug": "slim-fit-chinos-1", "price": "59.99", "default_image": "images/default.jpg"}}, {"model": "store.product", "pk": 43, "fields": {"category": 5, "title": "Cargo Pants", "brand": "OutdoorGear", "description": "Durable cargo pants for outdoor activities", "slug": "cargo-pants-1", "price": "89.99", "default_image": "images/default.jpg"}}, {"model": "store.product", "pk": 44, "fields": {"category": 5, "title": "Sports Black Pants", "brand": "Haifisch Pants", "description": "Durable cargo pants for outdoor activities", "slug": "sports-black-pants", "price": "189.99", "default_image": "images/default.jpg"}}, {"model": "store.product", "pk": 45, "fields": {"category": 6, "title": "Leather Belt", "brand": "ElegantStyle", "description": "Genuine leather belt with a classic design", "slug": "leather-belt", "price": "39.99", "default_image": "images/default.jpg"}}, {"model": "store.product", "pk": 46, "fields": {"category": 6, "title": "Silver Necklace", "brand": "ChicJewels", "description": "Sterling silver necklace with intricate details", "slug": "silver-necklace", "price": "129.99", "default_image": "images/default.jpg"}}, {"model": "store.product", "pk": 47, "fields": {"category": 6, "title": "Canvas Backpack", "brand": "OutdoorGear", "description": "Durable canvas backpack for daily use", "slug": "canvas-backpack", "price": "79.99", "default_image": "images/default.jpg"}}, {"model": "store.product", "pk": 48, "fields": {"category": 6, "title": "Sports Watch", "brand": "ActiveWear", "description": "Water-resistant sports watch with digital display", "slug": "sports-watch", "price": "59.99", "default_image": "images/default.jpg"}}, {"model": "store.product", "pk": 49, "fields": {"category": 6, "title": "Leather Wallet", "brand": "FashionLeather", "description": "Slim leather wallet with multiple card slots", "slug": "leather-wallet", "price": "49.99", "default_image": "images/default.jpg"}}, {"model": "store.product", "pk": 50, "fields": {"category": 6, "title": "Gold Bracelet", "brand": "LuxuryJewels", "description": "Elegant gold bracelet with a delicate chain", "slug": "gold-bracelet", "price": "179.99", "default_image": "images/default.jpg"}}, {"model": "store.product", "pk": 51, "fields": {"category": 6, "title": "Silk Scarf", "brand": "FashionSilk", "description": "Luxurious silk scarf with a floral pattern", "slug": "silk-scarf", "price": "69.99", "default_image": "images/default.jpg"}}, {"model": "store.product", "pk": 52, "fields": {"category": 6, "title": "Vintage Sunglasses", "brand": "RetroStyle", "description": "Classic vintage sunglasses with UV protection", "slug": "vintage-sunglasses", "price": "89.99", "default_image": "images/default.jpg"}}, {"model": "store.product", "pk": 53, "fields": {"category": 6, "title": "Leather Briefcase", "brand": "BusinessStyle", "description": "Professional leather briefcase with laptop compartment", "slug": "leather-briefcase", "price": "199.99", "default_image": "images/default.jpg"}}, {"model": "store.product", "pk": 54, "fields": {"category": 6, "title": "Wool Hat", "brand": "WinterFashion", "description": "Warm wool hat for cold weather", "slug": "wool-hat", "price": "34.99", "default_image": "images/default.jpg"}}, {"model": "store.product", "pk": 55, "fields": {"category": 6, "title": "Silver Earrings", "brand": "ChicJewels", "description": "Sterling silver earrings with a minimalist design", "slug": "silver-earrings", "price": "79.99", "default_image": "images/default.jpg"}}, {"model": "store.product", "pk": 56, "fields": {"category": 6, "title": "Leather Gloves", "brand": "WinterWear", "description": "Soft leather gloves lined with cashmere", "slug": "leather-gloves", "price": "59.99", "default_image": "images/default.jpg"}}, {"model": "store.product", "pk": 57, "fields": {"category": 6, "title": "Smartphone Case", "brand": "TechGadgets", "description": "Protective smartphone case with shock absorption", "slug": "smartphone-case", "price": "24.99", "default_image": "images/default.jpg"}}, {"model": "store.product", "pk": 58, "fields": {"category": 6, "title": "Knit Scarf", "brand": "CozyKnits", "description": "Chunky knit scarf for extra warmth", "slug": "knit-scarf", "price": "49.99", "default_image": "images/default.jpg"}}, {"model": "store.product", "pk": 59, "fields": {"category": 6, "title": "Leather Backpack", "brand": "UrbanStyle", "description": "Stylish leather backpack with adjustable straps", "slug": "leather-backpack", "price": "149.99", "default_image": "images/default.jpg"}}, {"model": "store.product", "pk": 60, "fields": {"category": 6, "title": "Gold Ring", "brand": "LuxuryJewels", "description": "Exquisite gold ring with a sparkling gemstone", "slug": "gold-ring", "price": "239.99", "default_image": "images/default.jpg"}}, {"model": "store.product", "pk": 61, "fields": {"category": 6, "title": "Canvas Tote Bag", "brand": "CasualStyle", "description": "Versatile canvas tote bag for everyday use", "slug": "canvas-tote-bag", "price": "39.99", "default_image": "images/default.jpg"}}, {"model": "store.product", "pk": 62, "fields": {"category": 6, "title": "Travel Wallet", "brand": "TravelEssentials", "description": "Organizer travel wallet with RFID protection", "slug": "travel-wallet", "price": "29.99", "default_image": "images/default.jpg"}}, {"model": "store.product", "pk": 63, "fields": {"category": 6, "title": "Silver Bracelet", "brand": "ChicJewels", "description": "Sterling silver bracelet with a timeless design", "slug": "silver-bracelet", "price": "99.99", "default_image": "images/default.jpg"}}, {"model": "store.product", "pk": 64, "fields": {"category": 6, "title": "Leather Belt", "brand": "ClassicStyle", "description": "Traditional leather belt with a simple buckle", "slug": "leather-belt-1", "price": "44.99", "default_image": "images/default.jpg"}}, {"model": "store.product", "pk": 65, "fields": {"category": 6, "title": "Diamond Pendant", "brand": "LuxuryJewels", "description": "Exquisite diamond pendant necklace in white gold", "slug": "diamond-pendant", "price": "599.99", "default_image": "images/default.jpg"}}, {"model": "store.product", "pk": 66, "fields": {"category": 6, "title": "Straw Hat", "brand": "BeachStyle", "description": "Chic straw hat for sunny days at the beach", "slug": "straw-hat", "price": "29.99", "default_image": "images/default.jpg"}}, {"model": "store.product", "pk": 67, "fields": {"category": 6, "title": "Leather Crossbody Bag", "brand": "FashionLeather", "description": "Stylish leather crossbody bag with adjustable strap", "slug": "leather-crossbody-bag", "price": "129.99", "default_image": "images/default.jpg"}}, {"model": "store.product", "pk": 68, "fields": {"category": 6, "title": "Silver Hoop Earrings", "brand": "ChicJewels", "description": "Sterling silver hoop earrings for everyday elegance", "slug": "silver-hoop-earrings", "price": "69.99", "default_image": "images/default.jpg"}}, {"model": "store.product", "pk": 69, "fields": {"category": 6, "title": "Weekender Bag", "brand": "TravelEssentials", "description": "Spacious weekender bag for short trips", "slug": "weekender-bag", "price": "149.99", "default_image": "images/default.jpg"}}, {"model": "store.product", "pk": 70, "fields": {"category": 2, "title": "Leather Loafers", "brand": "ClassicFootwear", "description": "Timeless leather loafers for everyday comfort", "slug": "leather-loafers", "price": "89.99", "default_image": "images/default.jpg"}}, {"model": "store.product", "pk": 71, "fields": {"category": 2, "title": "Canvas Sneakers", "brand": "SportyStyle", "description": "Casual canvas sneakers with a trendy design", "slug": "canvas-sneakers", "price": "59.99", "default_image": "images/default.jpg"}}, {"model": "store.product", "pk": 72, "fields": {"category": 2, "title": "Running Shoes", "brand": "ActiveWear", "description": "Lightweight running shoes for performance", "slug": "running-shoes", "price": "109.99", "default_image": "images/default.jpg"}}, {"model": "store.product", "pk": 73, "fields": {"category": 2, "title": "Leather Boots", "brand": "OutdoorGear", "description": "Durable leather boots for outdoor adventures", "slug": "leather-boots", "price": "149.99", "default_image": "images/default.jpg"}}, {"model": "store.product", "pk": 74, "fields": {"category": 2, "title": "Formal Oxfords", "brand": "BusinessStyle", "description": "Elegant formal Oxfords for professional attire", "slug": "formal-oxfords", "price": "129.99", "default_image": "images/default.jpg"}}, {"model": "store.product", "pk": 75, "fields": {"category": 2, "title": "Athletic Sneakers", "brand": "SportyStyle", "description": "Versatile athletic sneakers with breathable mesh", "slug": "athletic-sneakers", "price": "79.99", "default_image": "images/default.jpg"}}, {"model": "store.product", "pk": 76, "fields": {"category": 2, "title": "Leather Sandals", "brand": "SummerStyle", "description": "Comfortable leather sandals for warm weather", "slug": "leather-sandals", "price": "69.99", "default_image": "images/default.jpg"}}, {"model": "store.product", "pk": 77, "fields": {"category": 2, "title": "Hiking Boots", "brand": "OutdoorGear", "description": "Sturdy hiking boots with waterproof construction", "slug": "hiking-boots", "price": "179.99", "default_image": "images/default.jpg"}}, {"model": "store.product", "pk": 78, "fields": {"category": 2, "title": "Casual Slip-ons", "brand": "RelaxedStyle", "description": "Easy-to-wear casual slip-ons with a relaxed fit", "slug": "casual-slip-ons", "price": "49.99", "default_image": "images/default.jpg"}}, {"model": "store.product", "pk": 79, "fields": {"category": 2, "title": "High Heels", "brand": "FashionForward", "description": "Chic high heels for a sophisticated look", "slug": "high-heels", "price": "99.99", "default_image": "images/default.jpg"}}, {"model": "store.product", "pk": 80, "fields": {"category": 2, "title": "Leather Brogues", "brand": "ClassicFootwear", "description": "Classic leather brogues with decorative perforations", "slug": "leather-brogues", "price": "119.99", "default_image": "images/default.jpg"}}, {"model": "store.product", "pk": 81, "fields": {"category": 2, "title": "Slip-resistant Work Shoes", "brand": "WorkWear", "description": "Slip-resistant work shoes for safety and comfort", "slug": "slip-resistant-work-shoes", "price": "79.99", "default_image": "images/default.jpg"}}, {"model": "store.product", "pk": 82, "fields": {"category": 2, "title": "Fashion Sneakers", "brand": "StreetStyle", "description": "Stylish fashion sneakers for urban casual wear", "slug": "fashion-sneakers", "price": "69.99", "default_image": "images/default.jpg"}}, {"model": "store.product", "pk": 83, "fields": {"category": 2, "title": "Leather Moccasins", "brand": "CozyStyle", "description": "Soft leather moccasins with a cozy lining", "slug": "leather-moccasins", "price": "59.99", "default_image": "images/default.jpg"}}, {"model": "store.product", "pk": 84, "fields": {"category": 2, "title": "Running Trainers", "brand": "ActiveWear", "description": "Performance running trainers with responsive cushioning", "slug": "running-trainers", "price": "119.99", "default_image": "images/default.jpg"}}, {"model": "store.product", "pk": 85, "fields": {"category": 2, "title": "Summer Espadrilles", "brand": "BeachStyle", "description": "Lightweight summer espadrilles with woven jute soles", "slug": "summer-espadrilles", "price": "39.99", "default_image": "images/default.jpg"}}, {"model": "store.product", "pk": 86, "fields": {"category": 2, "title": "Leather Derby Shoes", "brand": "ClassicFootwear", "description": "Versatile leather Derby shoes for formal and casual occasions", "slug": "leather-derby-shoes", "price": "139.99", "default_image": "images/default.jpg"}}, {"model": "store.product", "pk": 87, "fields": {"category": 2, "title": "Snow Boots", "brand": "WinterWear", "description": "Insulated snow boots for cold winter days", "slug": "snow-boots", "price": "159.99", "default_image": "images/default.jpg"}}, {"model": "store.product", "pk": 88, "fields": {"category": 3, "title": "Cotton Button-down Shirt", "brand": "CasualStyle", "description": "Soft cotton button-down shirt for casual outings", "slug": "cotton-button-down-shirt", "price": "39.99", "default_image": "images/default.jpg"}}, {"model": "store.product", "pk": 89, "fields": {"category": 3, "title": "Slim Fit Dress Shirt", "brand": "FormalWear", "description": "Slim fit dress shirt for a tailored look", "slug": "slim-fit-dress-shirt", "price": "49.99", "default_image": "images/default.jpg"}}, {"model": "store.product", "pk": 90, "fields": {"category": 3, "title": "Flannel Plaid Shirt", "brand": "RusticStyle", "description": "Warm flannel plaid shirt for cooler weather", "slug": "flannel-plaid-shirt", "price": "44.99", "default_image": "images/default.jpg"}}, {"model": "store.product", "pk": 91, "fields": {"category": 3, "title": "Denim Shirt", "brand": "ClassicDenim", "description": "Stylish denim shirt with a rugged appeal", "slug": "denim-shirt", "price": "54.99", "default_image": "images/default.jpg"}}, {"model": "store.product", "pk": 92, "fields": {"category": 3, "title": "Oxford Button-up", "brand": "SmartCasual", "description": "Versatile Oxford button-up shirt for various occasions", "slug": "oxford-button-up", "price": "42.99", "default_image": "images/default.jpg"}}, {"model": "store.product", "pk": 93, "fields": {"category": 3, "title": "Striped Linen Shirt", "brand": "SummerStyle", "description": "Lightweight striped linen shirt for summer comfort", "slug": "striped-linen-shirt", "price": "34.99", "default_image": "images/default.jpg"}}, {"model": "store.product", "pk": 94, "fields": {"category": 3, "title": "Long Sleeve Polo", "brand": "SportyStyle", "description": "Classic long sleeve polo shirt for a sporty look", "slug": "long-sleeve-polo", "price": "29.99", "default_image": "images/default.jpg"}}, {"model": "store.product", "pk": 95, "fields": {"category": 3, "title": "Silk Dress Shirt", "brand": "LuxuryFashion", "description": "Elegant silk dress shirt for formal events", "slug": "silk-dress-shirt", "price": "89.99", "default_image": "images/default.jpg"}}, {"model": "store.product", "pk": 96, "fields": {"category": 3, "title": "Printed Hawaiian Shirt", "brand": "VacationStyle", "description": "Fun printed Hawaiian shirt for tropical vibes", "slug": "printed-hawaiian-shirt", "price": "39.99", "default_image": "images/default.jpg"}}, {"model": "store.product", "pk": 97, "fields": {"category": 3, "title": "Short Sleeve Linen Shirt", "brand": "BeachWear", "description": "Breathable short sleeve linen shirt for beach days", "slug": "short-sleeve-linen-shirt", "price": "32.99", "default_image": "images/default.jpg"}}, {"model": "store.product", "pk": 98, "fields": {"category": 3, "title": "Business Casual Shirt", "brand": "WorkWear", "description": "Business casual shirt suitable for office attire", "slug": "business-casual-shirt", "price": "49.99", "default_image": "images/default.jpg"}}, {"model": "store.product", "pk": 99, "fields": {"category": 3, "title": "Slim Fit Checked Shirt", "brand": "ModernStyle", "description": "Slim fit checked shirt for a modern aesthetic", "slug": "slim-fit-checked-shirt", "price": "47.99", "default_image": "images/default.jpg"}}, {"model": "store.product", "pk": 100, "fields": {"category": 3, "title": "Casual Flannel Shirt", "brand": "OutdoorStyle", "description": "Casual flannel shirt ideal for outdoor adventures", "slug": "casual-flannel-shirt", "price": "39.99", "default_image": "images/default.jpg"}}, {"model": "store.product", "pk": 101, "fields": {"category": 3, "title": "Classic White Shirt", "brand": "TimelessStyle", "description": "Timeless classic white shirt for all occasions", "slug": "classic-white-shirt", "price": "44.99", "default_image": "images/default.jpg"}}, {"model": "store.product", "pk": 102, "fields": {"category": 3, "title": "Crew Neck T-shirt", "brand": "CasualWear", "description": "Comfortable crew neck T-shirt for everyday wear", "slug": "crew-neck-t-shirt", "price": "19.99", "default_image": "images/default.jpg"}}, {"model": "store.product", "pk": 103, "fields": {"category": 3, "title": "Printed Graphic Shirt", "brand": "CreativeStyle", "description": "Printed graphic shirt to express creativity", "slug": "printed-graphic-shirt", "price": "27.99", "default_image": "images/default.jpg"}}, {"model": "store.product", "pk": 104, "fields": {"category": 3, "title": "Slim Fit Cotton Shirt", "brand": "UrbanStyle", "description": "Slim fit cotton shirt with urban appeal", "slug": "slim-fit-cotton-shirt", "price": "37.99", "default_image": "images/default.jpg"}}, {"model": "store.product", "pk": 105, "fields": {"category": 3, "title": "Polo Shirt", "brand": "GolfStyle", "description": "Classic polo shirt for a sporty yet polished look", "slug": "polo-shirt", "price": "29.99", "default_image": "images/default.jpg"}}, {"model": "store.product", "pk": 106, "fields": {"category": 3, "title": "Chambray Shirt", "brand": "ClassicStyle", "description": "Versatile chambray shirt for casual and smart casual attire", "slug": "chambray-shirt", "price": "36.99", "default_image": "images/default.jpg"}}, {"model": "store.product", "pk": 107, "fields": {"category": 3, "title": "Button-up Cardigan", "brand": "SmartLook", "description": "Button-up cardigan for layering in colder weather", "slug": "button-up-cardigan", "price": "49.99", "default_image": "images/default.jpg"}}, {"model": "store.product", "pk": 108, "fields": {"category": 3, "title": "Dressy Blouse", "brand": "FeminineStyle", "description": "Dressy blouse with elegant detailing", "slug": "dressy-blouse", "price": "54.99", "default_image": "images/default.jpg"}}, {"model": "store.product", "pk": 109, "fields": {"category": 3, "title": "Printed Button-up", "brand": "VintageStyle", "description": "Printed button-up shirt with vintage-inspired design", "slug": "printed-button-up", "price": "41.99", "default_image": "images/default.jpg"}}, {"model": "store.product", "pk": 110, "fields": {"category": 3, "title": "Slim Fit Plaid Shirt", "brand": "ModernMan", "description": "Slim fit plaid shirt for a contemporary look", "slug": "slim-fit-plaid-shirt", "price": "45.99", "default_image": "images/default.jpg"}}, {"model": "store.product", "pk": 111, "fields": {"category": 3, "title": "Linen Polo Shirt", "brand": "SummerVibes", "description": "Breathable linen polo shirt perfect for summer days", "slug": "linen-polo-shirt", "price": "31.99", "default_image": "images/default.jpg"}}, {"model": "store.product", "pk": 112, "fields": {"category": 3, "title": "Casual V-neck Shirt", "brand": "RelaxedStyle", "description": "Casual V-neck shirt for a laid-back style", "slug": "casual-v-neck-shirt", "price": "26.99", "default_image": "images/default.jpg"}}, {"model": "store.product", "pk": 113, "fields": {"category": 3, "title": "Slim Fit Floral Shirt", "brand": "TrendyStyle", "description": "Slim fit floral shirt for a trendy wardrobe", "slug": "slim-fit-floral-shirt", "price": "38.99", "default_image": "images/default.jpg"}}, {"model": "store.product", "pk": 114, "fields": {"category": 3, "title": "Silk Button-down Shirt", "brand": "LuxuryWear", "description": "Luxurious silk button-down shirt for special occasions", "slug": "silk-button-down-shirt", "price": "79.99", "default_image": "images/default.jpg"}}, {"model": "store.product", "pk": 115, "fields": {"category": 3, "title": "Casual Linen Shirt", "brand": "CasualComfort", "description": "Comfortable casual linen shirt for everyday wear", "slug": "casual-linen-shirt", "price": "33.99", "default_image": "images/default.jpg"}}, {"model": "store.productphoto", "pk": 3, "fields": {"product": 2, "image": "images/stuart2.jpg", "is_main": false}}, {"model": "store.productphoto", "pk": 4, "fields": {"product": 2, "image": "images/stuart3.jpg", "is_main": false}}, {"model": "payment.shippingaddress", "pk": 2, "fields": {"full_name": "John Doe", "email": "john.doe@mail.com", "phone_number": "", "address1": "Road 1", "number": "Road2", "city": "Hessy", "state": "Idaho", "zipcode": "00-123", "user": 9}}, {"model": "payment.shippingaddress", "pk": 3, "fields": {"full_name": "Krystian", "email": "krystian@mail.com", "phone_number": "+48123456789", "address1": "Road 1", "number": "Road 2", "city": "Warsaw", "state": null, "zipcode": "", "user": 1}}, {"model": "payment.order", "pk": 1, "fields": {"full_name": "John Doe", "email": "john.doe@mail.com", "shipping_address": "Road 1\nRoad2\nHessy\nIdaho\n00-123", "paid_amount": "229.97", "order_date": "2024-06-29T20:40:11.600Z", "user": 9}}, {"model": "payment.order", "pk": 2, "fields": {"full_name": "John Doe", "email": "john.doe@mail.com", "shipping_address": "Road 1\nRoad2\nHessy\nIdaho\n00-123", "paid_amount": "79.99", "order_date": "2024-06-29T21:18:23.643Z", "user": 9}}, {"model": "payment.order", "pk": 3, "fields": {"full_name": "dsa", "email": "d2@mail.com", "shipping_address": "ad 4\n4\nfsd\n\n", "paid_amount": "69.99", "order_date": "2024-06-29T23:32:38.318Z", "user": 1}}, {"model": "payment.order", "pk": 4, "fields": {"full_name": "jhgj", "email": "re@mail.com", "shipping_address": "rad 44\ndads\nfds\n\n", "paid_amount": "69.99", "order_date": "2024-06-30T11:33:12.284Z", "user": 1}}, {"model": "payment.order", "pk": 5, "fields": {"full_name": "John Doe", "email": "john.doe@mail.com", "shipping_address": "Road 1\nRoad2\nHessy\nIdaho\n00-123", "paid_amount": "139.98", "order_date": "2024-07-01T13:55:10.671Z", "user": 9}}, {"model": "payment.order", "pk": 6, "fields": {"full_name": "Krystian", "email": "krystian@mail.com", "shipping_address": "Road 1\r\nRoad 2\r\nWarsaw\r\nNone", "paid_amount": "66.00", "order_date": "2024-07-01T13:58:29.366Z", "user": 1}}, {"model": "payment.order", "pk": 7, "fields": {"full_name": "Krystian", "email": "krystian@mail.com", "shipping_address": "Road 1\nRoad 2\nWarsaw\nNone\n", "paid_amount": "79.99", "order_date": "2024-07-01T14:07:51.690Z", "user": 1}}, {"model": "payment.order", "pk": 8, "fields": {"full_name": "Krystian", "email": "krystian@mail.com", "shipping_address": "Road 1\nRoad 2\nWarsaw\nNone\n", "paid_amount": "99.99", "order_date": "2024-07-01T15:02:58.203Z", "user": 1}}, {"model": "payment.order", "pk": 9, "fields": {"full_name": "Krystian", "email": "krystian@mail.com", "shipping_address": "Road 1\nRoad 2\nWarsaw\nNone\n", "paid_amount": "199.98", "order_date": "2024-07-01T18:32:34.974Z", "user": 1}}, {"model": "payment.order", "pk": 10, "fields": {"full_name": "John Doe", "email": "john.doe@mail.com", "shipping_address": "Road 1\nRoad2\nHessy\nIdaho\n00-123", "paid_amount": "69.99", "order_date": "2024-07-03T19:06:41.052Z", "user": 9}}, {"model": "payment.order", "pk": 11, "fields": {"full_name": "John Doe", "email": "john.doe@mail.com", "shipping_address": "Road 1\nRoad2\nHessy\nIdaho\n00-123", "paid_amount": "69.99", "order_date": "2024-07-03T19:07:23.874Z", "user": 9}}, {"model": "payment.order", "pk": 12, "fields": {"full_name": "John Doe", "email": "john.doe@mail.com", "shipping_address": "Road 1\nRoad2\nHessy\nIdaho\n00-123", "paid_amount": "69.99", "order_date": "2024-07-03T19:07:53.337Z", "user": 9}}, {"model": "payment.order", "pk": 13, "fields": {"full_name": "John Doe", "email": "john.doe@mail.com", "shipping_address": "Road 1\nRoad2\nHessy\nIdaho\n00-123", "paid_amount": "99.99", "order_date": "2024-07-03T19:11:45.539Z", "user": 9}}, {"model": "payment.order", "pk": 14, "fields": {"full_name": "John Doek", "email": "john.doe@mail.com", "shipping_address": "Road 1\nRoad2\nHessy\nIdaho\n00-123", "paid_amount": "79.99", "order_date": "2024-07-03T20:04:41.607Z", "user": 9}}, {"model": "payment.order", "pk": 15, "fields": {"full_name": "John Doe", "email": "krystianzd275@gmail.com", "shipping_address": "Road\nRoad2\nWmksa\nIdaho\n12-122", "paid_amount": "284.95", "order_date": "2024-07-04T13:02:15.853Z", "user": 9}}, {"model": "payment.order", "pk": 16, "fields": {"full_name": "John Doe", "email": "krystianzd275@gmail.com", "shipping_address": "Road 1\nRoad2\nHessy\nIdaho\n00-123", "paid_amount": "284.95", "order_date": "2024-07-04T13:03:35.655Z", "user": 9}}, {"model": "payment.order", "pk": 17, "fields": {"full_name": "John Doe", "email": "krystianzd275@gmail.com", "shipping_address": "Road 1\nRoad2\nHessy\nIdaho\n00-123", "paid_amount": "284.95", "order_date": "2024-07-04T13:06:08.581Z", "user": 9}}, {"model": "payment.order", "pk": 18, "fields": {"full_name": "John Doe", "email": "krystianzd275@gmail.com", "shipping_address": "Road 1\nRoad2\nHessy\nIdaho\n00-123", "paid_amount": "284.95", "order_date": "2024-07-04T13:06:53.894Z", "user": 9}}, {"model": "payment.order", "pk": 19, "fields": {"full_name": "John Doe", "email": "krystianzd275@gmail.com", "shipping_address": "Road 1\nRoad2\nHessy\nIdaho\n00-123", "paid_amount": "284.95", "order_date": "2024-07-04T13:07:48.016Z", "user": 9}}, {"model": "payment.order", "pk": 20, "fields": {"full_name": "John Doe", "email": "krystianzd275@gmail.com", "shipping_address": "Road 1\nRoad2\nHessy\nIdaho\n00-123", "paid_amount": "284.95", "order_date": "2024-07-04T13:08:44.096Z", "user": 9}}, {"model": "payment.order", "pk": 21, "fields": {"full_name": "John Doe", "email": "krystianzd275@gmail.com", "shipping_address": "Road 1\nRoad2\nHessy\nIdaho\n00-123", "paid_amount": "334.94", "order_date": "2024-07-04T14:02:09.641Z", "user": 9}}, {"model": "payment.order", "pk": 22, "fields": {"full_name": "John Doe", "email": "john.doe@mail.com", "shipping_address": "Road 1\nRoad2\nHessy\nIdaho\n00-123", "paid_amount": "334.94", "order_date": "2024-07-04T14:02:49.111Z", "user": 9}}, {"model": "payment.order", "pk": 23, "fields": {"full_name": "John Doe", "email": "krystianzd275@gmail.com", "shipping_address": "Road 1\nRoad2\nHessy\nIdaho\n00-123", "paid_amount": "99.99", "order_date": "2024-07-04T14:12:41.500Z", "user": 9}}, {"model": "payment.order", "pk": 24, "fields": {"full_name": "John Doe", "email": "krystianzd275@gmail.com", "shipping_address": "Road 1\nRoad2\nHessy\nIdaho\n00-123", "paid_amount": "889.88", "order_date": "2024-07-04T15:05:28.998Z", "user": 9}}, {"model": "payment.order", "pk": 25, "fields": {"full_name": "John Doe", "email": "john.doe@mail.com", "shipping_address": "Road 1\nRoad2\nHessy\nIdaho\n00-123", "paid_amount": "99.99", "order_date": "2024-07-04T15:09:48.720Z", "user": 9}}, {"model": "payment.order", "pk": 26, "fields": {"full_name": "John Doe", "email": "krystianzd275@gmail.com", "shipping_address": "Road 1\nRoad2\nHessy\nIdaho\n00-123", "paid_amount": "173.97", "order_date": "2024-07-04T15:29:55.952Z", "user": 9}}, {"model": "payment.order", "pk": 27, "fields": {"full_name": "John Doe", "email": "john.doe@mail.com", "shipping_address": "Road 1\nRoad2\nHessy\nIdaho\n00-123", "paid_amount": "99.99", "order_date": "2024-07-04T16:05:34.307Z", "user": 9}}, {"model": "payment.order", "pk": 28, "fields": {"full_name": "John Doe", "email": "john.doe@mail.com", "shipping_address": "Road 1\nRoad2\nHessy\nIdaho\n00-123", "paid_amount": "44.00", "order_date": "2024-07-04T16:15:20.512Z", "user": 9}}, {"model": "payment.order", "pk": 29, "fields": {"full_name": "John Doe", "email": "john.doe@mail.com", "shipping_address": "Road 1\nRoad2\nHessy\nIdaho\n00-123", "paid_amount": "44.00", "order_date": "2024-07-04T16:17:05.215Z", "user": 9}}, {"model": "payment.order", "pk": 30, "fields": {"full_name": "John Doe", "email": "john.doe@mail.com", "shipping_address": "Road 1\nRoad2\nHessy\nIdaho\n00-123", "paid_amount": "88.00", "order_date": "2024-07-04T18:50:27.850Z", "user": 9}}, {"model": "payment.order", "pk": 31, "fields": {"full_name": "John Doe", "email": "krystianzd275@gmail.com", "shipping_address": "Road 1\nRoad2\nHessy\nIdaho\n00-123", "paid_amount": "79.99", "order_date": "2024-07-04T18:53:52.066Z", "user": 9}}, {"model": "payment.order", "pk": 32, "fields": {"full_name": "John Doe", "email": "john.doe@mail.com", "shipping_address": "Road 1\nRoad2\nHessy\nIdaho\n00-123", "paid_amount": "199.98", "order_date": "2024-07-04T21:16:07.122Z", "user": 9}}, {"model": "payment.order", "pk": 33, "fields": {"full_name": "John Doe", "email": "john.doe@mail.com", "shipping_address": "Road 1\nRoad2\nHessy\nIdaho\n00-123", "paid_amount": "199.98", "order_date": "2024-07-04T21:17:04.405Z", "user": 9}}, {"model": "payment.order", "pk": 34, "fields": {"full_name": "John Doe", "email": "john.doe@mail.com", "shipping_address": "Road 1\nRoad2\nHessy\nIdaho\n00-123", "paid_amount": "99.99", "order_date": "2024-07-04T21:18:26.992Z", "user": 9}}, {"model": "payment.order", "pk": 35, "fields": {"full_name": "John Doe", "email": "john.doe@mail.com", "shipping_address": "Road 1\nRoad2\nHessy\nIdaho\n00-123", "paid_amount": "59.99", "order_date": "2024-07-04T21:29:58.595Z", "user": 9}}, {"model": "payment.order", "pk": 36, "fields": {"full_name": "John Doe", "email": "john.doe@mail.com", "shipping_address": "Road 1\nRoad2\nHessy\nIdaho\n00-123", "paid_amount": "69.99", "order_date": "2024-07-04T21:38:47.980Z", "user": 9}}, {"model": "payment.order", "pk": 37, "fields": {"full_name": "John Doe", "email": "john.doe@mail.com", "shipping_address": "Road 1\nRoad2\nHessy\nIdaho\n00-123", "paid_amount": "99.99", "order_date": "2024-07-04T21:40:02.961Z", "user": 9}}, {"model": "payment.order", "pk": 38, "fields": {"full_name": "John Doe", "email": "john.doe@mail.com", "shipping_address": "Road 1\nRoad 2\nCity1\n\n", "paid_amount": "99.99", "order_date": "2024-07-04T22:07:42.709Z", "user": null}}, {"model": "payment.order", "pk": 39, "fields": {"full_name": "Kate", "email": "Doe", "shipping_address": "Road 4\nRoad 5\nCity 6\n\n", "paid_amount": "79.99", "order_date": "2024-07-04T22:12:18.327Z", "user": null}}, {"model": "payment.order", "pk": 40, "fields": {"full_name": "John ", "email": "doe@mail.com", "shipping_address": "Road 1\nRoad 8 \nCity 7\n\n", "paid_amount": "124.98", "order_date": "2024-07-04T22:15:09.401Z", "user": null}}, {"model": "payment.order", "pk": 41, "fields": {"full_name": "John Doe", "email": "john.doe@mail.com", "shipping_address": "Road 1\nRoad2\nHessy\nIdaho\n00-123", "paid_amount": "129.98", "order_date": "2024-07-04T22:25:31.149Z", "user": 9}}, {"model": "payment.order", "pk": 42, "fields": {"full_name": "John Doe", "email": "john.doe@mail.com", "shipping_address": "Road 1\nRoad2\nHessy\nIdaho\n00-123", "paid_amount": "129.98", "order_date": "2024-07-04T22:26:02.701Z", "user": 9}}, {"model": "payment.order", "pk": 43, "fields": {"full_name": "John Doe", "email": "john.doe@mail.com", "shipping_address": "Road 1\nRoad2\nHessy\nIdaho\n00-123", "paid_amount": "129.98", "order_date": "2024-07-04T22:28:21.615Z", "user": 9}}, {"model": "payment.order", "pk": 44, "fields": {"full_name": "John Doe", "email": "john.doe@mail.com", "shipping_address": "Road 1\nRoad2\nHessy\nIdaho\n00-123", "paid_amount": "99.99", "order_date": "2024-07-04T22:29:10.413Z", "user": 9}}, {"model": "payment.order", "pk": 45, "fields": {"full_name": "John Doe", "email": "john.doe@mail.com", "shipping_address": "Road 1\nRoad2\nHessy\nIdaho\n00-123", "paid_amount": "99.99", "order_date": "2024-07-04T22:47:20.113Z", "user": 9}}, {"model": "payment.order", "pk": 46, "fields": {"full_name": "John Doe", "email": "john.doe@mail.com", "shipping_address": "Road 1\nRoad2\nHessy\nIdaho\n00-123", "paid_amount": "79.99", "order_date": "2024-07-05T11:26:57.812Z", "user": 9}}, {"model": "payment.order", "pk": 47, "fields": {"full_name": "Krystian", "email": "krystian@mail.com", "shipping_address": "Phone: None\nKlonowa None\nGdynia \nNone", "paid_amount": "199.98", "order_date": "2024-07-09T23:38:16.921Z", "user": 1}}, {"model": "payment.orderitem", "pk": 1, "fields": {"order": 1, "product": 2, "quantity": 1, "price": "99.99"}}, {"model": "payment.orderitem", "pk": 2, "fields": {"order": 1, "product": 3, "quantity": 1, "price": "59.99"}}, {"model": "payment.orderitem", "pk": 3, "fields": {"order": 1, "product": 8, "quantity": 1, "price": "69.99"}}, {"model": "payment.orderitem", "pk": 4, "fields": {"order": 2, "product": 5, "quantity": 1, "price": "79.99"}}, {"model": "payment.orderitem", "pk": 5, "fields": {"order": 3, "product": 8, "quantity": 1, "price": "69.99"}}, {"model": "payment.orderitem", "pk": 6, "fields": {"order": 4, "product": 8, "quantity": 1, "price": "69.99"}}, {"model": "payment.orderitem", "pk": 7, "fields": {"order": 5, "product": 8, "quantity": 2, "price": "69.99"}}, {"model": "payment.orderitem", "pk": 9, "fields": {"order": 7, "product": 5, "quantity": 1, "price": "79.99"}}, {"model": "payment.orderitem", "pk": 10, "fields": {"order": 8, "product": 2, "quantity": 1, "price": "99.99"}}, {"model": "payment.orderitem", "pk": 11, "fields": {"order": 9, "product": 2, "quantity": 2, "price": "99.99"}}, {"model": "payment.orderitem", "pk": 12, "fields": {"order": 10, "product": 13, "quantity": 1, "price": "69.99"}}, {"model": "payment.orderitem", "pk": 13, "fields": {"order": 11, "product": 13, "quantity": 1, "price": "69.99"}}, {"model": "payment.orderitem", "pk": 14, "fields": {"order": 12, "product": 13, "quantity": 1, "price": "69.99"}}, {"model": "payment.orderitem", "pk": 15, "fields": {"order": 13, "product": 11, "quantity": 1, "price": "99.99"}}, {"model": "payment.orderitem", "pk": 16, "fields": {"order": 14, "product": 12, "quantity": 1, "price": "79.99"}}, {"model": "payment.orderitem", "pk": 17, "fields": {"order": 18, "product": 3, "quantity": 2, "price": "59.99"}}, {"model": "payment.orderitem", "pk": 18, "fields": {"order": 18, "product": 29, "quantity": 3, "price": "54.99"}}, {"model": "payment.orderitem", "pk": 19, "fields": {"order": 19, "product": 3, "quantity": 2, "price": "59.99"}}, {"model": "payment.orderitem", "pk": 20, "fields": {"order": 20, "product": 3, "quantity": 2, "price": "59.99"}}, {"model": "payment.orderitem", "pk": 21, "fields": {"order": 20, "product": 29, "quantity": 3, "price": "54.99"}}, {"model": "payment.orderitem", "pk": 22, "fields": {"order": 21, "product": 27, "quantity": 1, "price": "49.99"}}, {"model": "payment.orderitem", "pk": 23, "fields": {"order": 21, "product": 26, "quantity": 2, "price": "59.99"}}, {"model": "payment.orderitem", "pk": 24, "fields": {"order": 21, "product": 29, "quantity": 3, "price": "54.99"}}, {"model": "payment.orderitem", "pk": 25, "fields": {"order": 22, "product": 27, "quantity": 1, "price": "49.99"}}, {"model": "payment.orderitem", "pk": 26, "fields": {"order": 22, "product": 26, "quantity": 2, "price": "59.99"}}, {"model": "payment.orderitem", "pk": 27, "fields": {"order": 22, "product": 29, "quantity": 3, "price": "54.99"}}, {"model": "payment.orderitem", "pk": 28, "fields": {"order": 23, "product": 2, "quantity": 1, "price": "99.99"}}, {"model": "payment.orderitem", "pk": 29, "fields": {"order": 24, "product": 26, "quantity": 2, "price": "59.99"}}, {"model": "payment.orderitem", "pk": 30, "fields": {"order": 24, "product": 2, "quantity": 1, "price": "99.99"}}, {"model": "payment.orderitem", "pk": 31, "fields": {"order": 24, "product": 12, "quantity": 4, "price": "79.99"}}, {"model": "payment.orderitem", "pk": 32, "fields": {"order": 24, "product": 13, "quantity": 5, "price": "69.99"}}, {"model": "payment.orderitem", "pk": 33, "fields": {"order": 25, "product": 11, "quantity": 1, "price": "99.99"}}, {"model": "payment.orderitem", "pk": 34, "fields": {"order": 26, "product": 76, "quantity": 2, "price": "69.99"}}, {"model": "payment.orderitem", "pk": 35, "fields": {"order": 26, "product": 115, "quantity": 1, "price": "33.99"}}, {"model": "payment.orderitem", "pk": 36, "fields": {"order": 27, "product": 2, "quantity": 1, "price": "99.99"}}, {"model": "payment.orderitem", "pk": 40, "fields": {"order": 31, "product": 12, "quantity": 1, "price": "79.99"}}, {"model": "payment.orderitem", "pk": 41, "fields": {"order": 32, "product": 2, "quantity": 2, "price": "99.99"}}, {"model": "payment.orderitem", "pk": 42, "fields": {"order": 33, "product": 2, "quantity": 2, "price": "99.99"}}, {"model": "payment.orderitem", "pk": 43, "fields": {"order": 34, "product": 2, "quantity": 1, "price": "99.99"}}, {"model": "payment.orderitem", "pk": 44, "fields": {"order": 35, "product": 3, "quantity": 1, "price": "59.99"}}, {"model": "payment.orderitem", "pk": 45, "fields": {"order": 36, "product": 8, "quantity": 1, "price": "69.99"}}, {"model": "payment.orderitem", "pk": 46, "fields": {"order": 37, "product": 2, "quantity": 1, "price": "99.99"}}, {"model": "payment.orderitem", "pk": 47, "fields": {"order": 38, "product": 2, "quantity": 1, "price": "99.99"}}, {"model": "payment.orderitem", "pk": 48, "fields": {"order": 39, "product": 5, "quantity": 1, "price": "79.99"}}, {"model": "payment.orderitem", "pk": 49, "fields": {"order": 40, "product": 5, "quantity": 1, "price": "79.99"}}, {"model": "payment.orderitem", "pk": 50, "fields": {"order": 40, "product": 90, "quantity": 1, "price": "44.99"}}, {"model": "payment.orderitem", "pk": 51, "fields": {"order": 41, "product": 31, "quantity": 2, "price": "64.99"}}, {"model": "payment.orderitem", "pk": 52, "fields": {"order": 42, "product": 31, "quantity": 2, "price": "64.99"}}, {"model": "payment.orderitem", "pk": 53, "fields": {"order": 43, "product": 31, "quantity": 2, "price": "64.99"}}, {"model": "payment.orderitem", "pk": 54, "fields": {"order": 44, "product": 2, "quantity": 1, "price": "99.99"}}, {"model": "payment.orderitem", "pk": 55, "fields": {"order": 45, "product": 2, "quantity": 1, "price": "99.99"}}, {"model": "payment.orderitem", "pk": 56, "fields": {"order": 46, "product": 12, "quantity": 1, "price": "79.99"}}, {"model": "payment.orderitem", "pk": 57, "fields": {"order": 47, "product": 2, "quantity": 2, "price": "99.99"}}]